{
    "$schema": "http://schema.management.azure.com/schemas/2015-01-01/deploymentTemplate.json#",
    "contentVersion": "1.0.0.0",
    "parameters": {
        "skuName": {
            "type": "string",
            "defaultValue": "F1",
            "allowedValues": [
                "F1",
                "D1",
                "B1",
                "B2",
                "B3",
                "S1",
                "S2",
                "S3",
                "P1",
                "P2",
                "P3",
                "P4"
            ],
            "metadata": {
                "description": "Describes plan's pricing tier and instance size. Check details at https://azure.microsoft.com/en-us/pricing/details/app-service/"
            }
        },
        "skuCapacity": {
            "type": "int",
            "defaultValue": 1,
            "minValue": 1,
            "metadata": {
                "description": "Describes plan's instance count"
            }
        },
        "administratorLogin": {
            "type": "string",
            "metadata": {
                "description": "The admin user of the SQL Server"
            }
        },
        "administratorLoginPassword": {
            "type": "securestring",
            "metadata": {
                "description": "The password of the admin user of the SQL Server"
            }
        },
        "databaseName": {
            "type": "string",
            "defaultValue": "sampledb",
            "metadata": {
                "description": "The name of the new database to create."
            }
        },
        "collation": {
            "type": "string",
            "defaultValue": "SQL_Latin1_General_CP1_CI_AS",
            "metadata": {
                "description": "The database collation for governing the proper use of characters."
            }
        },
        "edition": {
            "type": "string",
            "defaultValue": "Basic",
            "allowedValues": [
                "Basic",
                "Standard",
                "Premium"
            ],
            "metadata": {
                "description": "The type of database to create."
            }
        },
        "maxSizeBytes": {
            "type": "string",
            "defaultValue": "1073741824",
            "metadata": {
                "description": "The maximum size, in bytes, for the database"
            }
        },
        "requestedServiceObjectiveName": {
            "type": "string",
            "defaultValue": "Basic",
            "allowedValues": [
                "Basic",
                "S0",
                "S1",
                "S2",
                "P1",
                "P2",
                "P3"
            ],
            "metadata": {
                "description": "Describes the performance level for Edition"
            }
        }
    },
    "variables": {
        "hostingPlanName": "[concat('hostingplan', uniqueString(resourceGroup().id))]",
        "webSiteName": "[concat('webSite', uniqueString(resourceGroup().id))]",
        "sqlserverName": "[concat('sqlserver', uniqueString(resourceGroup().id))]"
    },
    "resources": [
        {
            "name": "[variables('sqlserverName')]",
            "type": "Microsoft.Sql/servers",
            "location": "[resourceGroup().location]",
            "tags": {
                "displayName": "SqlServer"
            },
            "apiVersion": "2014-04-01-preview",
            "properties": {
                "administratorLogin": "[parameters('administratorLogin')]",
                "administratorLoginPassword": "[parameters('administratorLoginPassword')]"
            },
            "resources": [
                {
                    "name": "[parameters('databaseName')]",
                    "type": "databases",
                    "location": "[resourceGroup().location]",
                    "tags": {
                        "displayName": "Database"
                    },
                    "apiVersion": "2014-04-01-preview",
                    "dependsOn": [
                        "[variables('sqlserverName')]"
                    ],
                    "properties": {
                        "edition": "[parameters('edition')]",
                        "collation": "[parameters('collation')]",
                        "maxSizeBytes": "[parameters('maxSizeBytes')]",
                        "requestedServiceObjectiveName": "[parameters('requestedServiceObjectiveName')]"
                    }
                },
                {
                    "type": "firewallrules",
                    "apiVersion": "2014-04-01-preview",
                    "dependsOn": [
                        "[variables('sqlserverName')]"
                    ],
                    "location": "[resourceGroup().location]",
                    "name": "AllowAllWindowsAzureIps",
                    "properties": {
                        "endIpAddress": "0.0.0.0",
                        "startIpAddress": "0.0.0.0"
                    }
                }
            ]
        },
        {
            "apiVersion": "2015-08-01",
            "name": "[variables('hostingPlanName')]",
            "type": "Microsoft.Web/serverfarms",
            "location": "[resourceGroup().location]",
            "tags": {
                "displayName": "HostingPlan"
            },
            "sku": {
                "name": "[parameters('skuName')]",
                "capacity": "[parameters('skuCapacity')]"
            },
            "properties": {
                "name": "[variables('hostingPlanName')]"
            }
        },
        {
            "apiVersion": "2015-08-01",
            "name": "[variables('webSiteName')]",
            "type": "Microsoft.Web/sites",
            "location": "[resourceGroup().location]",
            "dependsOn": [
                "[variables('hostingPlanName')]"
            ],
            "tags": {
                "[concat('hidden-related:', resourceId('Microsoft.Web/serverfarms', variables('hostingPlanName')))]": "empty",
                "displayName": "Website"
            },
            "properties": {
                "name": "[variables('webSiteName')]",
                "serverFarmId": "[resourceId('Microsoft.Web/serverfarms', variables('hostingPlanName'))]"
            },
            "resources": [
                {
                    "apiVersion": "2015-08-01",
                    "type": "config",
                    "name": "connectionstrings",
                    "dependsOn": [
                        "[variables('webSiteName')]"
                    ],
                    "properties": {
                        "DefaultConnection": {
                            "value": "[concat('Data Source=tcp:', reference(concat('Microsoft.Sql/servers/', variables('sqlserverName'))).fullyQualifiedDomainName, ',1433;Initial Catalog=', parameters('databaseName'), ';User Id=', parameters('administratorLogin'), '@', variables('sqlserverName'), ';Password=', parameters('administratorLoginPassword'), ';')]",
                            "type": "SQLServer"
                        }
                    }
                }
            ]
        }
    ],
    "outputs": {
        "siteUri": {
            "type": "string",
            "value": "[reference(concat('Microsoft.Web/sites/', variables('webSiteName')), '2015-08-01').hostnames[0]]"
        },
        "sqlSvrFqdn": {
            "type": "string",
            "value": "[reference(concat('Microsoft.Sql/servers/', variables('sqlserverName'))).fullyQualifiedDomainName]"
        }
    }
}